MASTER,ORIGINAL,怒槌,14.0
MASTER,ORIGINAL,玩具狂奏曲 -終焉-,14.0
MASTER,ORIGINAL,TiamaT:F minor,14.0
MASTER,ORIGINAL,混沌を越えし我らが神聖なる調律主を讃えよ,14.1
MASTER,ORIGINAL,World Vanquisher,14.1
MASTER,ORIGINAL,macrocosmos,14.0
MASTER,ORIGINAL,業 -善なる神とこの世の悪について-,14.1
MASTER,ORIGINAL,Killing Rhythm,14.0
MASTER,ORIGINAL,Rebellion,14.1
MASTER,niconico,初音ミクの激唱,13.7
MASTER,東方Project,Calamity Fortune,13.7
MASTER,VARIETY,Finite,13.9
MASTER,VARIETY,神威,13.9
MASTER,VARIETY,SON OF SUN,13.9
MASTER,VARIETY,Fracture Ray,13.7
MASTER,VARIETY,Grievous Lady,13.7
MASTER,VARIETY,ouroboros-twin stroke of the end-,13.7
MASTER,VARIETY,HAELEQUIN(Original Remaster),13.9
MASTER,VARIETY,Vallista,13.7
MASTER,VARIETY,FREEDOM DiVE,13.8
MASTER,VARIETY,Angel dust,13.8
MASTER,VARIETY,★LittlE HearTs★,13.9
MASTER,VARIETY,Dengeki Tube,13.9
MASTER,VARIETY,Doppelganger,13.8
MASTER,VARIETY,End Time,13.9
MASTER,VARIETY,水晶世界 ～Fracture～,13.7
MASTER,VARIETY,Giselle,13.9
MASTER,ゲキマイ,Garakuta Doll Play,13.8
MASTER,ゲキマイ,AMAZING MIGHTYYYY!!!!,13.8
MASTER,ゲキマイ,VERTeX,13.7
MASTER,ゲキマイ,Caliburne～Story of the Legendary sword～,13.8
MASTER,ゲキマイ,ねぇ、壊れタ人形ハ何処へ棄テらレるノ？,13.8
MASTER,ゲキマイ,larva,13.7
MASTER,ゲキマイ,Excalibur ～Revived resolution～,13.8
MASTER,ゲキマイ,Ai Nov,13.7
MASTER,ゲキマイ,Everlasting Today,13.7
MASTER,ゲキマイ,YURUSHITE,13.9
MASTER,ゲキマイ,Opfer,13.8
MASTER,ゲキマイ,MEGATON BLAST,13.8
MASTER,ORIGINAL,Contrapasso -inferno-,13.9
MASTER,ORIGINAL,Xevel,13.9
MASTER,ORIGINAL,otorii INNOVATED -[i]3-,13.9
MASTER,ORIGINAL,神威 (NAOKI × ZPP MIX),13.9
MASTER,ORIGINAL,エンドマークに希望と涙を添えて,13.8
MASTER,ORIGINAL,宛城、炎上！！,13.8
MASTER,ORIGINAL,Schrecklicher Aufstand,13.9
MASTER,ORIGINAL,Devastating Blaster,13.9
MASTER,ORIGINAL,Kattobi KEIKYU Rider,13.8
MASTER,ORIGINAL,Glorious Crown(tpz over-Over-OVERCUTE REMIX),13.9
MASTER,ORIGINAL,Iudicium,13.8
MASTER,ORIGINAL,Gate of Doom,13.8
MASTER,ORIGINAL,Surveiller et punir,13.9
MASTER,ORIGINAL,folern,13.7
MASTER,ORIGINAL,夕焼けのRed Parade,13.8
MASTER,ORIGINAL,スピカの天秤,13.7
MASTER,ORIGINAL,Climax,13.9
MASTER,ORIGINAL,電光石火,13.9
MASTER,ORIGINAL,8-EM,13.8
MASTER,ORIGINAL,GIGA DRIVE,13.9
MASTER,ORIGINAL,Surrogate Life,13.9
MASTER,ORIGINAL,Trackless wilderness,13.9
MASTER,ORIGINAL,Walzer für das Nichts,13.8
MASTER,ORIGINAL,Megameteor,13.9
MASTER,POPS&ANIME,ぶいえす!!らいばる!!,13.2
MASTER,POPS&ANIME,ジングルベル,13.3
MASTER,niconico,ハイセンスナンセンス,13.3
MASTER,niconico,頓珍漢の宴,13.0
MASTER,niconico,拝啓ドッペルゲンガー,13.1
MASTER,niconico,のぼれ！すすめ！高い塔,13.3
MASTER,niconico,害虫,13.2
MASTER,niconico,インビジブル,13.2
MASTER,niconico,ラクガキスト,13.4
MASTER,niconico,初音ミクの消失,13.4
MASTER,niconico,カミサマネジマキ,13.0
MASTER,niconico,ギガンティックO.T.N,13.0
MASTER,東方Project,最終鬼畜妹フランドール・S,13.3
MASTER,東方Project,星の器～STAR OF ANDROMEDA,13.5
MASTER,東方Project,ゴールドビジョン,13.5
MASTER,東方Project,ナイト・オブ・ナイツ (Cranky Remix),13.1
MASTER,東方Project,きゅうりバーにダイブ,13.4
MASTER,東方Project,サドマミホリック,13.2
MASTER,東方Project,Phantasm Brigade,13.0
MASTER,東方Project,患部で止まってすぐ溶ける～狂気の優曇華院,13.1
MASTER,東方Project,Imperishable Night 2006(2016 Refine),13.6
MASTER,東方Project,幻想のサテライト,13.1
MASTER,東方Project,最終鬼畜妹・一部声,13.0
MASTER,VARIETY,Elemental Creation,13.5
MASTER,VARIETY,Evans,13.4
MASTER,VARIETY,Blue Noise,13.3
MASTER,VARIETY,Brain Power,13.3
MASTER,VARIETY,BlythE,13.2
MASTER,VARIETY,Super Lovely (Heavenly Remix),13.4
MASTER,VARIETY,セイクリッド　ルイン,13.5
MASTER,VARIETY,極圏,13.6
MASTER,VARIETY,Scarlet Lance,13.6
MASTER,VARIETY,Taiko Drum Monster,13.4
MASTER,VARIETY,GERBERA,13.6
MASTER,VARIETY,Aragami,13.5
MASTER,VARIETY,conflict,13.3
MASTER,VARIETY,Halcyon,13.3
MASTER,VARIETY,Jack-the-Ripper◆,13.1
MASTER,VARIETY,DRAGONLADY,13.2
MASTER,VARIETY,Air,13.5
MASTER,VARIETY,DataErr0r,13.0
MASTER,VARIETY,Dreadnought,13.6
MASTER,VARIETY,Strahv,13.3
MASTER,VARIETY,GOODTEK,13.3
MASTER,VARIETY,Name of oath,13.5
MASTER,VARIETY,G e n g a o z o,13.6
MASTER,VARIETY,AVALON,13.5
MASTER,VARIETY,volcanic,13.5
MASTER,VARIETY,Nhelv,13.6
MASTER,VARIETY,PUPA,13.6
MASTER,VARIETY,Parousia,13.5
MASTER,VARIETY,CO5M1C R4ILR0AD,13.1
MASTER,VARIETY,Pure Ruby,13.4
MASTER,VARIETY,ZEUS,13.6
MASTER,VARIETY,Pangaea,13.0
MASTER,VARIETY,Destr0yer,13.4
MASTER,VARIETY,R.I.P.,13.2
MASTER,VARIETY,Black Lotus,13.5
MASTER,VARIETY,AXION,13.5
MASTER,VARIETY,チョウの標本,13.5
MASTER,VARIETY,Outlaw's Lullaby,13.0
MASTER,イロドリミドリ,管弦楽組曲 第3番 ニ長調「第2曲（G線上のアリア）」BWV.1068-2,13.5
MASTER,イロドリミドリ,奏者はただ背中と提琴で語るのみ,13.0
MASTER,イロドリミドリ,The wheel to the Night～インド人が夢に!?～,13.1
MASTER,イロドリミドリ,燃えてもエンジョイ！宛城、炎上！！,13.3
MASTER,ゲキマイ,分からない,13.2
MASTER,ゲキマイ,Like the Wind [Reborn],13.5
MASTER,ゲキマイ,Hyper Active,13.3
MASTER,ゲキマイ,CITRUS MONSTER,13.6
MASTER,ORIGINAL,GEMINI -C-,13.2
MASTER,ORIGINAL,とーきょー全域★アキハバラ？ （ver.にこる）,13.1
MASTER,ORIGINAL,We Gonna Journey,13.1
MASTER,ORIGINAL,luna blu,13.5
MASTER,ORIGINAL,閃鋼のブリューナク,13.5
MASTER,ORIGINAL,Gate of Fate,13.4
MASTER,ORIGINAL,The wheel to the right,13.4
MASTER,ORIGINAL,Tango Rouge,13.1
MASTER,ORIGINAL,Gustav Battle,13.0
MASTER,ORIGINAL,Cyberozar,13.2
MASTER,ORIGINAL,Genesis,13.5
MASTER,ORIGINAL,L’épisode,13.6
MASTER,ORIGINAL,GOLDEN RULE,13.6
MASTER,ORIGINAL,Philosopher,13.5
MASTER,ORIGINAL,Oshama Scramble!(Cranky Remix),13.0
MASTER,ORIGINAL,紅華刑,13.4
MASTER,ORIGINAL,Tidal Wave,13.5
MASTER,ORIGINAL,BOKUTO,13.0
MASTER,ORIGINAL,We Gonna Party-Feline Groove Mix-,13.3
MASTER,ORIGINAL,おまかせ！！トラブルメイ娘☆とれびちゃん,13.1
MASTER,ORIGINAL,オススメ☆♂♀☆でぃすとぴあ,13.4
MASTER,ORIGINAL,Warcry,13.1
MASTER,ORIGINAL,覚醒楽奏メタフィクション,13.3
MASTER,ORIGINAL,Supersonic Generation,13.4
MASTER,ORIGINAL,トリスメギストス,13.2
MASTER,ORIGINAL,立川浄穢捕物帳,13.0
MASTER,ORIGINAL,眠れぬ夜君を想フ,13.3
MASTER,ORIGINAL,JIGOKU STATION CENTRAL GATE,13.3
MASTER,ORIGINAL,Twice up Scenery,13.2
MASTER,ORIGINAL,BlazinG AIR,13.3
MASTER,ORIGINAL,Sparking Revolver,13.6
MASTER,ORIGINAL,CHOCOLATE BOMB!!!!,13.3
MASTER,ORIGINAL,Twilight,13.5
MASTER,ORIGINAL,足立オウフwwww,13.0
MASTER,ORIGINAL,ハートアタック,13.4
MASTER,ORIGINAL,ぜったい！昇天★鎮魂歌♂,13.5
MASTER,ORIGINAL,StufeStern,13.3
MASTER,ORIGINAL,コモリの怪物,13.1
MASTER,ORIGINAL,中学2年生のアンドロイド,13.4
MASTER,ORIGINAL,Life,13.2
MASTER,ORIGINAL,Innocent Truth,13.1
MASTER,ORIGINAL,Sqlupp,13.5
MASTER,ORIGINAL,アイリちゃんは暗黒魔導士!,13.3
MASTER,ORIGINAL,Vibrant Verve,13.0
MASTER,ORIGINAL,暗晦にハイライト,13.5
MASTER,ORIGINAL,ユメキキョウ,13.0
MASTER,ORIGINAL,Black Swan Lake,13.4
MASTER,ORIGINAL,ハジマリノピアノ,13.0
MASTER,ORIGINAL,Nijirate Fanatics,13.6
MASTER,ORIGINAL,まごころのカスクルゥト,13.1
MASTER,ORIGINAL,absolute rightness,13.6
MASTER,ORIGINAL,せかいせいふく！ゆりあちゃん！,13.5
MASTER,ORIGINAL,《運命》 ～ Ray of Hope,13.4
MASTER,ORIGINAL,Fidget Dancer,13.4
EXPERT,ORIGINAL,混沌を越えし我らが神聖なる調律主を讃えよ,13.3
EXPERT,ORIGINAL,業 -善なる神とこの世の悪について-,13.2
EXPERT,ORIGINAL,Killing Rhythm,13.2
MASTER,POPS&ANIME,Bull's Eye,12.7
MASTER,POPS&ANIME,ストライク・ザ・ブラッド,12.7
MASTER,POPS&ANIME,Deal with the devil,12.7
MASTER,POPS&ANIME,TREAT OR TREAT?,12.7
MASTER,POPS&ANIME,L.L.L.,12.7
MASTER,POPS&ANIME,碧き孤島のアングゥィス,12.8
MASTER,POPS&ANIME,MY LIBERATION,12.7
MASTER,POPS&ANIME,SAVIOR OF SONG,12.8
MASTER,niconico,ヒバナ,12.7
MASTER,niconico,テオ,12.7
MASTER,niconico,デンパラダイム,12.9
MASTER,niconico,カゲロウデイズ,12.7
MASTER,niconico,ミリオン／ワンズ,12.7
MASTER,niconico,輪廻転生,12.7
MASTER,niconico,ゴーストルール,12.7
MASTER,niconico,ドーナツホール,12.7
MASTER,niconico,アンハッピーリフレイン,12.7
MASTER,niconico,おこちゃま戦争,12.8
MASTER,niconico,人生リセットボタン,12.8
MASTER,niconico,鬼KYOKAN,12.8
MASTER,niconico,幸せになれる隠しコマンドがあるらしい,12.7
MASTER,niconico,チルドレンレコード,12.7
MASTER,niconico,Mr. Wonderland,12.9
MASTER,niconico,ぼくらの16bit戦争,12.8
MASTER,niconico,脳漿炸裂ガール,12.7
MASTER,東方Project,Pump!n,12.7
MASTER,東方Project,Bad Apple!! feat.nomico(Nhato Remix),12.7
MASTER,東方Project,Doll Judgment,12.8
MASTER,東方Project,お嫁にしなさいっ！,12.7
MASTER,東方Project,【東方ニコカラ】秘神マターラfeat.魂音泉【IOSYS】,12.7
MASTER,東方Project,ウサテイ,12.8
MASTER,東方Project,聖少女サクリファイス,12.8
MASTER,東方Project,Floating Darkness,12.7
MASTER,東方Project,風に乗せた願い,12.8
MASTER,東方Project,ケロ⑨destiny,12.7
MASTER,東方Project,チルノのパーフェクトさんすう教室⑨周年バージョン,12.9
MASTER,東方Project,taboo tears you up,12.8
MASTER,東方Project,ひれ伏せ愚民どもっ！,12.7
MASTER,東方Project,エテルニタス・ルドロジー,12.7
MASTER,東方Project,東方妖々夢～the maximum moving about～,12.7
MASTER,東方Project,少女幻葬戦慄曲～ Necro Fantasia,12.7
MASTER,東方Project,Jimang Shot,12.7
MASTER,東方Project,四次元跳躍機関,12.7
MASTER,VARIETY,Memory of Beach,12.7
MASTER,VARIETY,Axium Crisis,12.7
MASTER,VARIETY,Altale,12.7
MASTER,VARIETY,The Formula,12.7
MASTER,VARIETY,SAMBISTA,12.7
MASTER,VARIETY,Say A Vengeance,12.7
MASTER,VARIETY,JULIAN,12.7
MASTER,VARIETY,Black Lair,12.7
MASTER,VARIETY,Funny Funky Freaky,12.7
MASTER,VARIETY,音弾超人ゴリライザー,12.9
MASTER,VARIETY,Life is PIANO,12.7
MASTER,イロドリミドリ,Bang Babang Bang!!!,12.8
MASTER,イロドリミドリ,-OutsideR:RequieM-,12.7
MASTER,イロドリミドリ,一世嬉遊曲‐ディヴェルティメント‐,12.8
MASTER,イロドリミドリ,みなえをチェック！,12.7
MASTER,イロドリミドリ,なるとなぎのパーフェクトロックンロール教室,12.8
MASTER,ORIGINAL,My First Phone,12.8
MASTER,ORIGINAL,今ぞ♡崇め奉れ☆オマエらよ！！～姫の秘メタル渇望～,12.8
MASTER,ORIGINAL,Alma,12.7
MASTER,ORIGINAL,stella=steLLa,12.7
MASTER,ORIGINAL,SNIPE WHOLE,12.7
MASTER,ORIGINAL,MUSIC PЯAYER,12.8
MASTER,ORIGINAL,ケモノガル,12.8
MASTER,ORIGINAL,Paqqin,12.7
MASTER,ORIGINAL,最愛テトラグラマトン,12.7
MASTER,ORIGINAL,札付きのワル　～マイケルのうた～,12.7
MASTER,ORIGINAL,ゲシュタルト！テスト期間！！,12.7
MASTER,ORIGINAL,ドライヴ・オン・ザ・レインボー,12.8
MASTER,ORIGINAL,キラメケ→Shoot it Now!,12.9
MASTER,ORIGINAL,EXECUTOR,12.7
MASTER,ORIGINAL,bubble attack,12.9
MASTER,ORIGINAL,時の冒険者,12.7
MASTER,ORIGINAL,Pastel Party,12.9
MASTER,ORIGINAL,サンシャインサマー☆夏期講習,12.9
MASTER,ORIGINAL,Dual Fractal,12.9
MASTER,ORIGINAL,Drivessover,12.8
MASTER,ORIGINAL,PAST,12.7
MASTER,ORIGINAL,Blessed,12.7
MASTER,ORIGINAL,Seagull,12.7
MASTER,ORIGINAL,Summer is over,12.8
MASTER,ORIGINAL,男装女形表裏一体発狂小娘の詐称疑惑と苦悩と情熱。,12.9
MASTER,ORIGINAL,Servant of Love,12.7
MASTER,ORIGINAL,strelitzia,12.7
MASTER,ORIGINAL,逃げろ！サテライトキャンパス！！,12.8
MASTER,ORIGINAL,【冒険】イングリット葛西降臨！【実況】,12.7
MASTER,ORIGINAL,レーイレーイ,12.7
MASTER,ORIGINAL,《混乱》 ～ Muspell,12.8
MASTER,ORIGINAL,《逃避》 ～ The Deserter,12.9
MASTER,ORIGINAL,ヴンダーカンマー,12.9
MASTER,ORIGINAL,Destination,12.8
EXPERT,VARIETY,神威,12.7
EXPERT,VARIETY,SON OF SUN,12.7
EXPERT,VARIETY,End Time,12.7
EXPERT,VARIETY,Giselle,12.8
EXPERT,ゲキマイ,YURUSHITE,12.7
EXPERT,ORIGINAL,神威 (NAOKI × ZPP MIX),12.7
EXPERT,ORIGINAL,怒槌,12.8
EXPERT,ORIGINAL,玩具狂奏曲 -終焉-,12.7
EXPERT,ORIGINAL,TiamaT:F minor,12.7
EXPERT,ORIGINAL,World Vanquisher,12.8
EXPERT,ORIGINAL,folern,12.7
EXPERT,ORIGINAL,Climax,12.7
EXPERT,ORIGINAL,GIGA DRIVE,12.7
EXPERT,ORIGINAL,Nijirate Fanatics,12.7
MASTER,POPS&ANIME,Rightfully,12.6
MASTER,POPS&ANIME,巫女みこナース・愛のテーマ,12.3
MASTER,POPS&ANIME,徒花ネクロマンシー,12.2
MASTER,POPS&ANIME,目覚めRETURNER,12.1
MASTER,POPS&ANIME,ハッピー・ハッピー・フレンズ,12.4
MASTER,POPS&ANIME,UNION,12.0
MASTER,POPS&ANIME,BURST THE GRAVITY,12.1
MASTER,POPS&ANIME,ヒプノシスマイク-Division Battle Anthem-,12.2
MASTER,POPS&ANIME,NEVER SURRENDER,12.0
MASTER,POPS&ANIME,WORLD'S END,12.2
MASTER,POPS&ANIME,TRIGGER,12.5
MASTER,POPS&ANIME,咲かせよ 沸かせよ バンバンBURN！,12.2
MASTER,POPS&ANIME,Love your enemies,12.3
MASTER,POPS&ANIME,キミとボクのミライ,12.1
MASTER,POPS&ANIME,Sparkling Daydream,12.2
MASTER,POPS&ANIME,Don't say "lazy",12.4
MASTER,POPS&ANIME,Clattanoia,12.4
MASTER,POPS&ANIME,Futuristic Player,12.2
MASTER,POPS&ANIME,理燃-コトワリ-,12.2
MASTER,POPS&ANIME,POP TEAM EPIC,12.0
MASTER,POPS&ANIME,メニメニマニマニ,12.3
MASTER,POPS&ANIME,灼熱スイッチ,12.1
MASTER,POPS&ANIME,あ・え・い・う・え・お・あお!!,12.4
MASTER,POPS&ANIME,Los! Los! Los!,12.3
MASTER,POPS&ANIME,Uncontrollable,12.4
MASTER,POPS&ANIME,ガヴリールドロップキック,12.1
MASTER,POPS&ANIME,ラブって♡ジュエリー♪えんじぇる☆ブレイク！！,12.6
MASTER,POPS&ANIME,ぶれいくるみるくらぶ！,12.4
MASTER,POPS&ANIME,楔,12.4
MASTER,POPS&ANIME,SEVENTH HAVEN,12.1
MASTER,POPS&ANIME,ゴーゴー幽霊船,12.5
MASTER,POPS&ANIME,純情-SAKURA-,12.5
MASTER,POPS&ANIME,青春サイダー,12.5
MASTER,POPS&ANIME,ネ！コ！,12.0
MASTER,POPS&ANIME,Last Proof,12.4
MASTER,POPS&ANIME,Vitalization,12.1
MASTER,POPS&ANIME,亡國覚醒カタルシス,12.2
MASTER,POPS&ANIME,不安定な神様,12.1
MASTER,POPS&ANIME,セハガガガンバッちゃう！！,12.6
MASTER,POPS&ANIME,Cosmic twinkle star,12.4
MASTER,POPS&ANIME,終わりなき物語,12.3
MASTER,POPS&ANIME,Now Loading!!!!,12.3
MASTER,POPS&ANIME,ガチャガチャきゅ～と・ふぃぎゅ＠メイト,12.5
MASTER,POPS&ANIME,Vampire,12.6
MASTER,POPS&ANIME,Paradisus-Paradoxum,12.4
MASTER,POPS&ANIME,ようこそジャパリパークへ,12.1
MASTER,POPS&ANIME,ハレ晴レユカイ,12.0
MASTER,POPS&ANIME,Face of Fact,12.1
MASTER,POPS&ANIME,クローバー♣かくめーしょん,12.3
MASTER,POPS&ANIME,ラブリー☆えんじぇる!!,12.3
MASTER,POPS&ANIME,Redo,12.4
MASTER,POPS&ANIME,回レ！雪月花,12.3
MASTER,POPS&ANIME,ファッとして桃源郷,12.5
MASTER,POPS&ANIME,シュガーソングとビターステップ,12.2
MASTER,POPS&ANIME,crossing field,12.2
MASTER,niconico,結ンデ開イテ羅刹ト骸,12.3
MASTER,niconico,＊ハロー、プラネット。,12.4
MASTER,niconico,幾望の月,12.6
MASTER,niconico,アカリがやってきたぞっ,12.4
MASTER,niconico,おねがいダーリン,12.1
MASTER,niconico,リンカーネイション,12.5
MASTER,niconico,ナンセンス文学,12.0
MASTER,niconico,ロスタイムメモリー,12.4
MASTER,niconico,ワールズエンド・ダンスホール,12.3
MASTER,niconico,Seyana. ～何でも言うことを聞いてくれるアカネチャン～,12.5
MASTER,niconico,はやくそれになりたい！,12.2
MASTER,niconico,ちがう!!!,12.5
MASTER,niconico,雨とペトラ,12.1
MASTER,niconico,おちゃめ機能,12.0
MASTER,niconico,ブリキノダンス,12.3
MASTER,niconico,ロキ,12.0
MASTER,niconico,ヒビカセ,12.5
MASTER,niconico,厨病激発ボーイ,12.5
MASTER,niconico,放課後ストライド,12.1
MASTER,niconico,StargazeR,12.2
MASTER,niconico,マトリョシカ,12.2
MASTER,niconico,ダンスロボットダンス,12.4
MASTER,niconico,グラーヴェ,12.0
MASTER,niconico,レトロマニア狂想曲,12.5
MASTER,niconico,キレキャリオン,12.3
MASTER,niconico,アンノウン・マザーグース,12.6
MASTER,niconico,Absolunote,12.3
MASTER,niconico,木彫り鯰と右肩ゾンビ,12.4
MASTER,niconico,WAVE,12.2
MASTER,niconico,Fire◎Flower,12.4
MASTER,niconico,卑怯戦隊うろたんだー,12.3
MASTER,niconico,Change me,12.5
MASTER,niconico,Palette,12.1
MASTER,niconico,パーフェクト生命,12.6
MASTER,niconico,砂の惑星 feat. HATSUNE MIKU,12.3
MASTER,niconico,すきなことだけでいいです,12.2
MASTER,niconico,デリヘル呼んだら君が来た,12.4
MASTER,niconico,チュルリラ・チュルリラ・ダッダッダ！,12.6
MASTER,niconico,ECHO,12.2
MASTER,niconico,地球最後の告白を,12.3
MASTER,niconico,虎視眈々,12.4
MASTER,niconico,神曲,12.0
MASTER,niconico,白い雪のプリンセスは,12.2
MASTER,niconico,エンヴィキャットウォーク,12.4
MASTER,niconico,アウターサイエンス,12.3
MASTER,niconico,シジョウノコエ VOCALO ver.,12.2
MASTER,niconico,放課後革命,12.3
MASTER,niconico,ウミユリ海底譚,12.1
MASTER,niconico,アスノヨゾラ哨戒班,12.4
MASTER,niconico,天樂,12.2
MASTER,niconico,Crazy ∞ nighT,12.5
MASTER,niconico,如月アテンション,12.3
MASTER,niconico,夜咄ディセイブ,12.6
MASTER,niconico,このふざけた素晴らしき世界は、僕の為にある,12.0
MASTER,niconico,いろは唄,12.1
MASTER,niconico,愛迷エレジー,12.3
MASTER,niconico,イカサマライフゲイム,12.2
MASTER,niconico,セツナトリップ,12.5
MASTER,niconico,六兆年と一夜物語,12.5
MASTER,niconico,一触即発☆禅ガール,12.3
MASTER,niconico,腐れ外道とチョコレゐト,12.3
MASTER,niconico,タイガーランペイジ,12.5
MASTER,niconico,ロストワンの号哭,12.4
MASTER,東方Project,Endless Seeker,12.5
MASTER,東方Project,Cosmic Magic Shooter,12.4
MASTER,東方Project,神楽,12.5
MASTER,東方Project,進捗どうですか？,12.3
MASTER,東方Project,待チ人ハ来ズ。,12.5
MASTER,東方Project,Worlds End,12.1
MASTER,東方Project,あうんどばいみー,12.4
MASTER,東方Project,トランスダンスアナーキー,12.4
MASTER,東方Project,地獄の端にて君を待つ,12.5
MASTER,東方Project,究極焼肉レストラン！お燐の地獄亭！,12.1
MASTER,東方Project,WARNING!,12.5
MASTER,東方Project,Paranoia,12.4
MASTER,東方Project,Grip & Break down !!,12.3
MASTER,東方Project,チルノおかんのさいきょう☆バイブスごはん,12.6
MASTER,東方Project,つるぺったん,12.4
MASTER,東方Project,Scream out! -CHUNITHM Tuning-,12.4
MASTER,東方Project,Spring of Dreams,12.2
MASTER,東方Project,物凄い勢いでけーねが物凄いうた,12.2
MASTER,東方Project,WARNING×WARNING×WARNING,12.4
MASTER,東方Project,ゆけむり魂温泉 II,12.2
MASTER,東方Project,天狗の落とし文 feat. ｙｔｒ,12.4
MASTER,東方Project,Last Moments,12.5
MASTER,東方Project,儚きもの人間,12.5
MASTER,東方Project,キュアリアス光吉古牌　－祭－,12.4
MASTER,東方Project,Help me ERINNNNNN!!-Cranky remix-,12.2
MASTER,東方Project,仙酌絶唱のファンタジア,12.6
MASTER,東方Project,Starlight Vision,12.5
MASTER,東方Project,Club Ibuki in Break All,12.5
MASTER,東方Project,永遠のメロディ,12.3
MASTER,東方Project,愛き夜道 feat. ランコ、雨天決行,12.0
MASTER,東方Project,Witches night,12.0
MASTER,東方Project,No Routine,12.2
MASTER,東方Project,月に叢雲華に風,12.1
MASTER,東方Project,蒼空に舞え、墨染の桜,12.3
MASTER,東方Project,緋色のDance,12.2
MASTER,VARIETY,FLOWER,12.3
MASTER,VARIETY,アルストロメリア,12.2
MASTER,VARIETY,凛として咲く花の如く,12.2
MASTER,VARIETY,XL TECHNO,12.6
MASTER,VARIETY,PRIVATE SERVICE,12.6
MASTER,VARIETY,FLOATED CALM,12.4
MASTER,VARIETY,L9,12.6
MASTER,VARIETY,Äventyr,12.6
MASTER,VARIETY,Lapis,12.4
MASTER,VARIETY,010,12.6
MASTER,VARIETY,ERIS -Legend of Gaidelia-,12.5
MASTER,VARIETY,STAGER,12.6
MASTER,VARIETY,Her Majesty,12.6
MASTER,VARIETY,Sakura Fubuki,12.5
MASTER,VARIETY,Kronos,12.4
MASTER,VARIETY,風仁雷仁,12.3
MASTER,VARIETY,Bird Sprite,12.2
MASTER,VARIETY,ETERNAL DRAIN,12.6
MASTER,VARIETY,La Flesvelka,12.5
MASTER,VARIETY,Papyrus,12.6
MASTER,VARIETY,7 colors*,12.6
MASTER,VARIETY,Reach for the Stars,12.3
MASTER,VARIETY,The Concept of Love,12.3
MASTER,VARIETY,Signs Of Love(“Never More” ver.),12.2
MASTER,VARIETY,STAIRWAY TO GENERATION,12.3
MASTER,VARIETY,Through The Tower,12.4
MASTER,VARIETY,Burning Hearts ～炎のANGEL～,12.5
MASTER,VARIETY,Candyland Symphony,12.4
MASTER,VARIETY,Blooming Villain(ATLUS Konishi Remix),12.5
MASTER,VARIETY,GROOVY,12.3
MASTER,VARIETY,Mass Destruction("P3" + "P3F" ver.),12.1
MASTER,VARIETY,全ての人の魂の戦い(Daisuke Asakura Remix),12.4
MASTER,VARIETY,The Pursuit of Speed,12.6
MASTER,VARIETY,御旗のもとに,12.1
MASTER,VARIETY,Be A Shooter！～NORMAL BIG BONUS～,12.2
MASTER,イロドリミドリ,Change Our MIRAI！(Our 7 Lights),12.5
MASTER,イロドリミドリ,無敵We are one！！,12.1
MASTER,イロドリミドリ,ドキドキDREAM！！！,12.1
MASTER,イロドリミドリ,Still,12.5
MASTER,イロドリミドリ,Session High⤴,12.6
MASTER,イロドリミドリ,Shout Our Evidence!,12.5
MASTER,イロドリミドリ,"STAR"T,12.4
MASTER,イロドリミドリ,Road without Road,12.4
MASTER,イロドリミドリ,私の中の幻想的世界観及びその顕現を想起させたある現実での出来事に関する一考察,12.5
MASTER,イロドリミドリ,ハート・ビート,12.1
MASTER,イロドリミドリ,猛進ソリストライフ！,12.2
MASTER,イロドリミドリ,My Dearest Song,12.2
MASTER,イロドリミドリ,TRUST,12.4
MASTER,イロドリミドリ,猫祭り,12.3
MASTER,イロドリミドリ,SPICY SWINGY STYLE,12.3
MASTER,イロドリミドリ,イロトリドリのメロディ,12.5
MASTER,イロドリミドリ,Very! Merry!! Session!!!,12.3
MASTER,イロドリミドリ,クレッシェンド・ストーリー,12.4
MASTER,イロドリミドリ,Ever green Never end,12.3
MASTER,イロドリミドリ,単一指向性オーバーブルーム,12.5
MASTER,イロドリミドリ,Black'n White JAMMIN' CATS,12.1
MASTER,イロドリミドリ,ライトスピード・デイズ,12.5
MASTER,イロドリミドリ,Fire me up,12.4
MASTER,イロドリミドリ,あねぺったん,12.1
MASTER,イロドリミドリ,イロドリミドリ杯花映塚全一決定戦公式テーマソング『ウソテイ』,12.3
MASTER,イロドリミドリ,ＧＯ！ＧＯ！ラブリズム♥～あーりん書類審査通過記念Ver.～,12.1
MASTER,イロドリミドリ,ここで一席！　Oshama Scramble!,12.5
MASTER,イロドリミドリ,光線チューニング～なずな妄想海フェスイメージトレーニングVer.～,12.5
MASTER,ゲキマイ,言ノ葉カルマ,12.0
MASTER,ゲキマイ,空威張りビヘイビア,12.3
MASTER,ゲキマイ,悪戯,12.2
MASTER,ゲキマイ,Barbed Eye,12.0
MASTER,ゲキマイ,相思創愛,12.4
MASTER,ゲキマイ,咲キ誇レ常世ノ華,12.4
MASTER,ゲキマイ,L'épilogue,12.5
MASTER,ゲキマイ,D✪N’T ST✪P R✪CKIN’～[✪_✪] MIX～,12.5
MASTER,ゲキマイ,高気圧ねこロック,12.6
MASTER,ゲキマイ,夢花火,12.3
MASTER,ゲキマイ,Zest of Blue,12.1
MASTER,ゲキマイ,タテマエと本心の大乱闘,12.4
MASTER,ORIGINAL,Infantoon Fantasy,12.4
MASTER,ORIGINAL,砂漠のハンティングガール♡,12.1
MASTER,ORIGINAL,Teriqma,12.3
MASTER,ORIGINAL,The ether,12.2
MASTER,ORIGINAL,Memories of Sun and Moon,12.5
MASTER,ORIGINAL,STAR,12.4
MASTER,ORIGINAL,とーきょー全域★アキハバラ？,12.5
MASTER,ORIGINAL,名も無い鳥,12.5
MASTER,ORIGINAL,後夜祭,12.3
MASTER,ORIGINAL,Tuning Rangers,12.5
MASTER,ORIGINAL,明るい未来,12.3
MASTER,ORIGINAL,ロボットプラネットユートピア,12.3
MASTER,ORIGINAL,Hyperion,12.5
MASTER,ORIGINAL,サウンドプレイヤー,12.4
MASTER,ORIGINAL,D.E.A.D.L.Y.,12.4
MASTER,ORIGINAL,ウソラセラ,12.6
MASTER,ORIGINAL,響,12.0
MASTER,ORIGINAL,光線チューニング,12.3
MASTER,ORIGINAL,哀しみ集め,12.0
MASTER,ORIGINAL,PinqPiq,12.5
MASTER,ORIGINAL,WE GOTTA SOUL,12.2
MASTER,ORIGINAL,Wake up Dreamer,12.6
MASTER,ORIGINAL,La Baguette Magique,12.5
MASTER,ORIGINAL,Rendezvous,12.5
MASTER,ORIGINAL,The Darkness of Valhalla,12.5
MASTER,ORIGINAL,はちみつアドベンチャー,12.4
MASTER,ORIGINAL,NYAN-NYA More!ラブシャイン、Chu♥,12.6
MASTER,ORIGINAL,Blaster Heaven,12.1
MASTER,ORIGINAL,2DVenture,12.6
MASTER,ORIGINAL,涙色メモリア,12.2
MASTER,ORIGINAL,Magic,12.0
MASTER,ORIGINAL,Solstånd,12.4
MASTER,ORIGINAL,エンジェデビ,12.2
MASTER,ORIGINAL,THE BRASS OF GOODSPEED!!,12.5
MASTER,ORIGINAL,サヴァイバル・キリング・メーカー,12.4
MASTER,ORIGINAL,ツクヨミステップ,12.5
MASTER,ORIGINAL,Lover's Trick,12.6
MASTER,ORIGINAL,《理想》 ～ Cloudland,12.2
MASTER,ORIGINAL,《最愛》 ～ Curse,12.6
EXPERT,niconico,初音ミクの激唱,12.4
EXPERT,VARIETY,Fracture Ray,12.0
EXPERT,VARIETY,Grievous Lady,12.2
EXPERT,VARIETY,HAELEQUIN(Original Remaster),12.3
EXPERT,VARIETY,Dengeki Tube,12.1
EXPERT,VARIETY,G e n g a o z o,12.6
EXPERT,VARIETY,Doppelganger,12.1
EXPERT,VARIETY,volcanic,12.0
EXPERT,VARIETY,Nhelv,12.4
EXPERT,イロドリミドリ,管弦楽組曲 第3番 ニ長調「第2曲（G線上のアリア）」BWV.1068-2,12.0
EXPERT,ゲキマイ,Garakuta Doll Play,12.3
EXPERT,ゲキマイ,AMAZING MIGHTYYYY!!!!,12.0
EXPERT,ゲキマイ,Caliburne～Story of the Legendary sword～,12.2
EXPERT,ゲキマイ,ねぇ、壊れタ人形ハ何処へ棄テらレるノ？,12.4
EXPERT,ゲキマイ,CITRUS MONSTER,12.0
EXPERT,ゲキマイ,Excalibur ～Revived resolution～,12.3
EXPERT,ゲキマイ,Ai Nov,12.1
EXPERT,ゲキマイ,Everlasting Today,12.0
EXPERT,ゲキマイ,Opfer,12.4
EXPERT,ゲキマイ,MEGATON BLAST,12.5
EXPERT,ORIGINAL,Contrapasso -inferno-,12.1
EXPERT,ORIGINAL,Xevel,12.0
EXPERT,ORIGINAL,otorii INNOVATED -[i]3-,12.6
EXPERT,ORIGINAL,luna blu,12.4
EXPERT,ORIGINAL,Gustav Battle,12.2
EXPERT,ORIGINAL,L’épisode,12.1
EXPERT,ORIGINAL,宛城、炎上！！,12.2
EXPERT,ORIGINAL,Schrecklicher Aufstand,12.5
EXPERT,ORIGINAL,紅華刑,12.0
EXPERT,ORIGINAL,Devastating Blaster,12.2
EXPERT,ORIGINAL,Kattobi KEIKYU Rider,12.5
EXPERT,ORIGINAL,Glorious Crown(tpz over-Over-OVERCUTE REMIX),12.6
EXPERT,ORIGINAL,Gate of Doom,12.1
EXPERT,ORIGINAL,macrocosmos,12.5
EXPERT,ORIGINAL,夕焼けのRed Parade,12.4
EXPERT,ORIGINAL,スピカの天秤,12.1
EXPERT,ORIGINAL,Sqlupp,12.0
EXPERT,ORIGINAL,電光石火,12.5
EXPERT,ORIGINAL,8-EM,12.0
EXPERT,ORIGINAL,Surrogate Life,12.1
EXPERT,ORIGINAL,absolute rightness,12.3
EXPERT,ORIGINAL,Walzer für das Nichts,12.2
MASTER,POPS&ANIME,Star Divine,11.9
MASTER,POPS&ANIME,Baby Sweet Berry Love,11.7
MASTER,POPS&ANIME,grilletto,11.9
MASTER,POPS&ANIME,The Other Side of the Wall,11.7
MASTER,POPS&ANIME,GO,11.7
MASTER,POPS&ANIME,U.S.A.,11.7
MASTER,POPS&ANIME,MIRACLE RUSH,11.7
MASTER,POPS&ANIME,The Girls Are Alright!,11.7
MASTER,POPS&ANIME,青空のラプソディ,11.8
MASTER,POPS&ANIME,Rolling Rolling!,11.9
MASTER,POPS&ANIME,かーてんこーる!!!!!,11.9
MASTER,POPS&ANIME,羽ばたきのバースデイ,11.9
MASTER,POPS&ANIME,Link with U,11.7
MASTER,POPS&ANIME,未来イマジネーション！,11.9
MASTER,POPS&ANIME,ヒトリゴト,11.7
MASTER,POPS&ANIME,adrenaline!!!,11.7
MASTER,POPS&ANIME,夢路らびりんす,11.7
MASTER,POPS&ANIME,虹色のフリューゲル,11.8
MASTER,POPS&ANIME,Philosophyz,11.9
MASTER,POPS&ANIME,Our Fighting,11.8
MASTER,POPS&ANIME,プレパレード,11.8
MASTER,POPS&ANIME,SAKURAスキップ,11.7
MASTER,POPS&ANIME,Clover Heart's,11.8
MASTER,POPS&ANIME,前前前世,11.9
MASTER,POPS&ANIME,ぐーちょきパレード,11.7
MASTER,POPS&ANIME,若い力 -SEGA HARD GIRLS MIX-,11.7
MASTER,POPS&ANIME,This game,11.8
MASTER,POPS&ANIME,絶世スターゲイト,11.7
MASTER,niconico,METEOR,11.9
MASTER,niconico,39,11.9
MASTER,niconico,妄想感傷代償連盟,11.7
MASTER,niconico,サヨナラチェーンソー,11.9
MASTER,niconico,フリィダム ロリィタ,11.8
MASTER,niconico,バレリーコ,11.7
MASTER,niconico,アマツキツネ,11.8
MASTER,niconico,スイートマジック,11.8
MASTER,niconico,Just Be Friends,11.7
MASTER,niconico,炉心融解,11.9
MASTER,niconico,エレクトロサチュレイタ,11.7
MASTER,niconico,エイリアンエイリアン,11.7
MASTER,niconico,有頂天ビバーチェ,11.7
MASTER,niconico,アカツキアライヴァル,11.7
MASTER,niconico,リモコン,11.8
MASTER,niconico,ビバハピ,11.9
MASTER,niconico,からくりピエロ,11.7
MASTER,niconico,深海少女,11.7
MASTER,niconico,ロミオとシンデレラ,11.9
MASTER,niconico,Hand in Hand,11.7
MASTER,niconico,楽園ファンファーレ,11.8
MASTER,niconico,星屑ユートピア,11.9
MASTER,niconico,裏表ラバーズ,11.8
MASTER,niconico,ネトゲ廃人シュプレヒコール,11.9
MASTER,niconico,Sweet Devil,11.9
MASTER,niconico,千本桜,11.8
MASTER,niconico,M.S.S.Planet,11.9
MASTER,東方Project,STRIPES feat. EL.J(2018 reinterpretation),11.7
MASTER,東方Project,White Traveling Girl,11.8
MASTER,東方Project,Melody！,11.9
MASTER,東方Project,幽闇に目醒めしは,11.7
MASTER,東方Project,ってゐ！ ～えいえんてゐVer～,11.9
MASTER,東方Project,Yet Another "drizzly rain",11.7
MASTER,東方Project,ナイト・オブ・ナイツ,11.9
MASTER,東方Project,魔理沙は大変なものを盗んでいきました,11.8
MASTER,東方Project,チルノのパーフェクトさんすう教室,11.9
MASTER,東方Project,Dreaming,11.7
MASTER,東方Project,Unlimited Spark!,11.8
MASTER,VARIETY,Ladymade Star,11.7
MASTER,VARIETY,B.B.K.K.B.K.K.,11.8
MASTER,VARIETY,Your Affection(Daisuke Asakura Remix),11.7
MASTER,VARIETY,In The Blue Sky ’01,11.7
MASTER,VARIETY,レッツゴー!陰陽師,11.9
MASTER,VARIETY,オモイヨシノ,11.7
MASTER,イロドリミドリ,Change Our MIRAI！,11.8
MASTER,イロドリミドリ,brilliant better,11.8
MASTER,イロドリミドリ,Tic Tac DREAMIN’,11.8
MASTER,イロドリミドリ,プリズム,11.7
MASTER,イロドリミドリ,オーケー？　オーライ！,11.7
MASTER,イロドリミドリ,サヨナラフリーウェイ,11.9
MASTER,ゲキマイ,天国と地獄 -言ノ葉リンネ-,11.8
MASTER,ゲキマイ,CYCLES,11.9
MASTER,ゲキマイ,FEEL the BEATS,11.9
MASTER,ORIGINAL,Counselor,11.7
MASTER,ORIGINAL,Guilty,11.9
MASTER,ORIGINAL,夕暮れワンルーム,11.7
MASTER,ORIGINAL,その群青が愛しかったようだった,11.7
MASTER,ORIGINAL,RevolutionGame,11.7
MASTER,ORIGINAL,popcorn,11.9
MASTER,ORIGINAL,FRIDAY FRIDAY,11.8
EXPERT,niconico,初音ミクの消失,11.9
EXPERT,VARIETY,極圏,11.7
EXPERT,VARIETY,Scarlet Lance,11.9
EXPERT,VARIETY,GERBERA,11.7
EXPERT,VARIETY,Jack-the-Ripper◆,11.7
EXPERT,VARIETY,AVALON,11.7
EXPERT,VARIETY,PUPA,11.7
EXPERT,VARIETY,Black Lotus,11.8
EXPERT,ゲキマイ,VERTeX,11.9
EXPERT,ゲキマイ,larva,11.9
EXPERT,ORIGINAL,閃鋼のブリューナク,11.9
EXPERT,ORIGINAL,Gate of Fate,11.7
EXPERT,ORIGINAL,The wheel to the right,11.9
EXPERT,ORIGINAL,エンドマークに希望と涙を添えて,11.7
EXPERT,ORIGINAL,Philosopher,11.8
EXPERT,ORIGINAL,Supersonic Generation,11.7
EXPERT,ORIGINAL,Iudicium,11.9
EXPERT,ORIGINAL,Surveiller et punir,11.9
EXPERT,ORIGINAL,せかいせいふく！ゆりあちゃん！,11.9
EXPERT,ORIGINAL,Trackless wilderness,11.9
EXPERT,ORIGINAL,Fidget Dancer,11.7
MASTER,POPS&ANIME,nowhere,11.0
MASTER,POPS&ANIME,気ままな天使たち,11.3
MASTER,POPS&ANIME,▲MEW▲△MEW△CAKE,11.3
MASTER,POPS&ANIME,野良猫ハート,11.5
MASTER,POPS&ANIME,ハッピー☆マテリアル,11.6
MASTER,POPS&ANIME,One In A Billion,11.6
MASTER,POPS&ANIME,Wish me luck!!!!,11.5
MASTER,POPS&ANIME,Distance,11.5
MASTER,POPS&ANIME,コレカラ,11.5
MASTER,POPS&ANIME,アルカテイル,11.0
MASTER,POPS&ANIME,sister's noise,11.5
MASTER,POPS&ANIME,DreamRiser,11.5
MASTER,POPS&ANIME,Butterfly -CHUNITHM edit-,11.4
MASTER,POPS&ANIME,ニホンゴワカリマセン,11.6
MASTER,POPS&ANIME,Get goal!,11.4
MASTER,POPS&ANIME,TOMORROW,11.6
MASTER,POPS&ANIME,Bravely You,11.6
MASTER,POPS&ANIME,全力バタンキュー,11.4
MASTER,POPS&ANIME,星灯,11.5
MASTER,POPS&ANIME,ホシトハナ,11.6
MASTER,POPS&ANIME,オレンジ,11.5
MASTER,POPS&ANIME,MEMORIA,11.6
MASTER,POPS&ANIME,MIRU key way,11.6
MASTER,POPS&ANIME,true my heart -Lovable mix-,11.6
MASTER,POPS&ANIME,鳥の詩,11.3
MASTER,POPS&ANIME,コネクト,11.5
MASTER,niconico,ダブルラリアット,11.3
MASTER,niconico,magnet,11.2
MASTER,niconico,太陽系デスコ,11.5
MASTER,niconico,命ばっかり,11.5
MASTER,niconico,メルト,11.6
MASTER,niconico,DAYBREAK FRONTLINE,11.5
MASTER,niconico,シャルル,11.6
MASTER,niconico,アルカリレットウセイ,11.6
MASTER,niconico,フラジール,11.6
MASTER,niconico,だんだん早くなる,11.5
MASTER,niconico,桜ノ雨,11.0
MASTER,niconico,いーあるふぁんくらぶ,11.4
MASTER,niconico,愛言葉,11.5
MASTER,niconico,Tell Your World,11.5
MASTER,niconico,みくみくにしてあげる♪【してやんよ】,11.5
MASTER,niconico,恋愛裁判,11.4
MASTER,niconico,すろぉもぉしょん,11.3
MASTER,niconico,FREELY TOMORROW,11.4
MASTER,niconico,シリョクケンサ,11.5
MASTER,niconico,天ノ弱,11.1
MASTER,niconico,ストリーミングハート,11.4
MASTER,東方Project,色は匂へど散りぬるを,11.2
MASTER,東方Project,華鳥風月,11.5
MASTER,東方Project,泡沫、哀のまほろば,11.5
MASTER,東方Project,Starlight Dance Floor,11.4
MASTER,東方Project,Bad Apple!! feat.nomico,11.0
MASTER,東方Project,sweet little sister,11.6
MASTER,VARIETY,ちくわパフェだよ☆CKP,11.2
MASTER,VARIETY,JET,11.0
MASTER,VARIETY,elegante,11.6
MASTER,VARIETY,Dance!,11.3
MASTER,VARIETY,檄！帝国華撃団,11.3
MASTER,VARIETY,Chocolate Happy,11.1
MASTER,イロドリミドリ,フォルテシモBELL,11.0
MASTER,イロドリミドリ,DETARAME ROCK＆ROLL THEORY,11.2
MASTER,イロドリミドリ,ポルカドット,11.3
MASTER,イロドリミドリ,Agitation！,11.4
MASTER,イロドリミドリ,Help me あーりん！,11.4
MASTER,イロドリミドリ,夢と夢～あの日のメロディ～,11.3
MASTER,ゲキマイ,言ノ葉遊戯,11.6
MASTER,ゲキマイ,洗脳,11.5
MASTER,ゲキマイ,りばーぶ,11.2
MASTER,ORIGINAL,Invitation,11.3
MASTER,ORIGINAL,ＧＯ！ＧＯ！ラブリズム♥,11.1
MASTER,ORIGINAL,Theme of SeelischTact,11.5
MASTER,ORIGINAL,幾四音-Ixion-,11.3
MASTER,ORIGINAL,Anemone,11.1
MASTER,ORIGINAL,リリーシア,11.0
MASTER,ORIGINAL,昵懇レファレンス,11.2
MASTER,ORIGINAL,After the rain,11.3
MASTER,ORIGINAL,乗り切れ受験ウォーズ,11.5
MASTER,ORIGINAL,心象蜃気楼,11.5
MASTER,ORIGINAL,First Twinkle,11.6
MASTER,ORIGINAL,願い星,11.6
MASTER,ORIGINAL,Sentimental Snow,11.5
MASTER,ORIGINAL,朝焼けプラットホーム,11.6
MASTER,ORIGINAL,恋のチャイム,11.1
EXPERT,POPS&ANIME,ぶいえす!!らいばる!!,11.0
EXPERT,niconico,ラクガキスト,11.1
EXPERT,niconico,カミサマネジマキ,11.0
EXPERT,niconico,Mr. Wonderland,11.1
EXPERT,東方Project,星の器～STAR OF ANDROMEDA,11.2
EXPERT,東方Project,サドマミホリック,11.4
EXPERT,東方Project,Calamity Fortune,11.5
EXPERT,東方Project,患部で止まってすぐ溶ける～狂気の優曇華院,11.0
EXPERT,東方Project,Imperishable Night 2006(2016 Refine),11.5
EXPERT,東方Project,幻想のサテライト,11.0
EXPERT,VARIETY,Elemental Creation,11.3
EXPERT,VARIETY,XL TECHNO,11.1
EXPERT,VARIETY,Brain Power,11.0
EXPERT,VARIETY,BlythE,11.3
EXPERT,VARIETY,セイクリッド　ルイン,11.3
EXPERT,VARIETY,Taiko Drum Monster,11.5
EXPERT,VARIETY,DRAGONLADY,11.4
EXPERT,VARIETY,FREEDOM DiVE,11.5
EXPERT,VARIETY,Angel dust,11.6
EXPERT,VARIETY,Strahv,11.0
EXPERT,VARIETY,★LittlE HearTs★,11.4
EXPERT,VARIETY,Name of oath,11.1
EXPERT,VARIETY,CO5M1C R4ILR0AD,11.0
EXPERT,VARIETY,ZEUS,11.6
EXPERT,VARIETY,水晶世界 ～Fracture～,11.4
EXPERT,VARIETY,Pangaea,11.1
EXPERT,VARIETY,Destr0yer,11.2
EXPERT,VARIETY,R.I.P.,11.3
EXPERT,VARIETY,AXION,11.0
EXPERT,VARIETY,チョウの標本,11.1
EXPERT,VARIETY,音弾超人ゴリライザー,11.0
EXPERT,イロドリミドリ,燃えてもエンジョイ！宛城、炎上！！,11.2
EXPERT,ゲキマイ,Like the Wind [Reborn],11.0
EXPERT,ORIGINAL,GEMINI -C-,11.2
EXPERT,ORIGINAL,We Gonna Journey,11.0
EXPERT,ORIGINAL,Cyberozar,11.1
EXPERT,ORIGINAL,GOLDEN RULE,11.3
EXPERT,ORIGINAL,Oshama Scramble!(Cranky Remix),11.3
EXPERT,ORIGINAL,We Gonna Party-Feline Groove Mix-,11.3
EXPERT,ORIGINAL,覚醒楽奏メタフィクション,11.2
EXPERT,ORIGINAL,JIGOKU STATION CENTRAL GATE,11.4
EXPERT,ORIGINAL,Sparking Revolver,11.4
EXPERT,ORIGINAL,Twilight,11.4
EXPERT,ORIGINAL,サンシャインサマー☆夏期講習,11.0
EXPERT,ORIGINAL,Drivessover,11.3
EXPERT,ORIGINAL,コモリの怪物,11.0
EXPERT,ORIGINAL,暗晦にハイライト,11.0
EXPERT,ORIGINAL,ユメキキョウ,11.3
EXPERT,ORIGINAL,《混乱》 ～ Muspell,11.0